{"cameraMode":{"drawMode":0,"name":"Shaded","section":"Shading Mode"},"sceneLighting":false,"audioPlay":false,"sceneViewState":{"m_AlwaysRefresh":false,"showFog":true,"showSkybox":false,"showFlares":true,"showImageEffects":true,"showParticleSystems":true,"showVisualEffectGraphs":true,"m_FxEnabled":true},"in2DMode":false,"pivot":{"x":1.734632968902588,"y":-0.21897955238819123,"z":-0.38686293363571169},"rotation":{"x":-0.041576121002435687,"y":-0.8070544600486755,"z":0.05724562704563141,"w":-0.5862228274345398},"size":1.6077439785003663,"orthographic":false}