{"cameraMode":{"drawMode":0,"name":"Shaded","section":"Shading Mode"},"sceneLighting":false,"audioPlay":false,"sceneViewState":{"m_AlwaysRefresh":false,"showFog":true,"showSkybox":false,"showFlares":true,"showImageEffects":true,"showParticleSystems":true,"showVisualEffectGraphs":true,"m_FxEnabled":true},"in2DMode":false,"pivot":{"x":0.15805160999298097,"y":-0.20587575435638429,"z":0.020558655261993409},"rotation":{"x":-0.09506568312644959,"y":-0.7942699790000916,"z":0.12884120643138886,"w":-0.5860871076583862},"size":0.74031662940979,"orthographic":false}