{"cameraMode":{"drawMode":0,"name":"Shaded","section":"Shading Mode"},"sceneLighting":false,"audioPlay":false,"sceneViewState":{"m_AlwaysRefresh":false,"showFog":true,"showSkybox":false,"showFlares":true,"showImageEffects":true,"showParticleSystems":true,"showVisualEffectGraphs":true,"m_FxEnabled":true},"in2DMode":false,"pivot":{"x":0.024170249700546266,"y":-0.23647409677505494,"z":0.21609103679656983},"rotation":{"x":-0.04157612472772598,"y":-0.8070545792579651,"z":0.057245634496212009,"w":-0.5862228870391846},"size":1.5849868059158326,"orthographic":false}