{"cameraMode":{"drawMode":0,"name":"Shaded","section":"Shading Mode"},"sceneLighting":false,"audioPlay":false,"sceneViewState":{"m_AlwaysRefresh":false,"showFog":true,"showSkybox":false,"showFlares":true,"showImageEffects":true,"showParticleSystems":true,"showVisualEffectGraphs":true,"m_FxEnabled":true},"in2DMode":false,"pivot":{"x":1.021178960800171,"y":-1.1326134204864503,"z":-0.029226958751678468},"rotation":{"x":-0.14965049922466279,"y":-0.8058598041534424,"z":0.22982171177864076,"w":-0.5247677564620972},"size":1.4228780269622803,"orthographic":false}