{"cameraMode":{"drawMode":0,"name":"Shaded","section":"Shading Mode"},"sceneLighting":false,"audioPlay":false,"sceneViewState":{"m_AlwaysRefresh":false,"showFog":true,"showSkybox":false,"showFlares":true,"showImageEffects":true,"showParticleSystems":true,"showVisualEffectGraphs":true,"m_FxEnabled":true},"in2DMode":false,"pivot":{"x":0.004378199577331543,"y":0.38473308086395266,"z":-0.08693009614944458},"rotation":{"x":0.21810822188854218,"y":0.6638484001159668,"z":-0.21191814541816712,"w":0.6832457780838013},"size":0.9458341002464294,"orthographic":false}