{"cameraMode":{"drawMode":0,"name":"Shaded","section":"Shading Mode"},"sceneLighting":true,"audioPlay":false,"sceneViewState":{"m_AlwaysRefresh":false,"showFog":true,"showSkybox":true,"showFlares":true,"showImageEffects":true,"showParticleSystems":true,"showVisualEffectGraphs":true,"m_FxEnabled":true},"in2DMode":false,"pivot":{"x":-6.358310699462891,"y":-3.5234732627868654,"z":-0.03803718090057373},"rotation":{"x":0.13009071350097657,"y":-0.6984729170799255,"z":0.13144680857658387,"w":0.6913850903511047},"size":11.117939949035645,"orthographic":false}