{"cameraMode":{"drawMode":0,"name":"Shaded","section":"Shading Mode"},"sceneLighting":true,"audioPlay":false,"sceneViewState":{"m_AlwaysRefresh":false,"showFog":true,"showSkybox":true,"showFlares":true,"showImageEffects":true,"showParticleSystems":true,"showVisualEffectGraphs":true,"m_FxEnabled":true},"in2DMode":false,"pivot":{"x":0.21578407287597657,"y":-1.349874496459961,"z":-3.0730233192443849},"rotation":{"x":0.2556408643722534,"y":-0.6493825316429138,"z":0.24686720967292787,"w":0.6723598837852478},"size":14.032855033874512,"orthographic":false}