{"cameraMode":{"drawMode":0,"name":"Shaded","section":"Shading Mode"},"sceneLighting":true,"audioPlay":false,"sceneViewState":{"m_AlwaysRefresh":false,"showFog":true,"showSkybox":true,"showFlares":true,"showImageEffects":true,"showParticleSystems":true,"showVisualEffectGraphs":true,"m_FxEnabled":true},"in2DMode":false,"pivot":{"x":-12.243663787841797,"y":-7.108441352844238,"z":-1.8571853637695313},"rotation":{"x":0.13543932139873506,"y":-0.7121455073356628,"z":0.14308184385299684,"w":0.6738616228103638},"size":21.618059158325197,"orthographic":false}