{"cameraMode":{"drawMode":0,"name":"Shaded","section":"Shading Mode"},"sceneLighting":false,"audioPlay":false,"sceneViewState":{"m_AlwaysRefresh":false,"showFog":true,"showSkybox":false,"showFlares":true,"showImageEffects":true,"showParticleSystems":true,"showVisualEffectGraphs":true,"m_FxEnabled":true},"in2DMode":false,"pivot":{"x":-0.36542201042175295,"y":0.19803571701049806,"z":-0.7976921796798706},"rotation":{"x":-0.24080625176429749,"y":0.5836799740791321,"z":-0.18719951808452607,"w":-0.7526904940605164},"size":1.0390257835388184,"orthographic":false}